jack.matier@gmail.com Jack Matier
pekka@home.se pekka
doug.mansell@gmail.com doug mansell
cdetweiler@gmail.com christian detweiler
mlaborda@barrabes.com manwell
maarten@iridia.nl Maarten
subs@petef.com petef
robbevan@xpt.com Rob Bevan
koen_lenssen@hotmail.com Koen Lenssen
acarreazo@gmail.com acarreazo
xtassin@keynoise.com xtassin
tom.andersson@gmail.com Tom Andersson
nyany23@yahoo.com nyan
visualreactor@gmail.com Rohit
hypernumbers@metafeather.com Liam Clancy
puzza007@gmail.com Paul Oliver
fcolcord@gmail.com Frank Colcord
marrott@ucsd.edu matthew arrott
dennis.coughlin@woodmac.com Dennis Coughlin
zubac@vlayko.tv Dragan Zubac
jblair33@gmail.com J Smiths
prashant.ganti@gmail.com prashantg
peter@glaxstar.com Peter
hypernumbers@mstrom.freeserve.co.uk Motti Strom
davidl@ecomove.com David Lawson
digidave@xybernetix.com David Williams
mathewgjohnson@gmail.com mattj
achambers.home@gmail.com andy chambers
jwthree@gmail.com James Worthington
bob@redivi.com Bob Ippolito
kellychoo@gmail.com Kelly
eeeeeeeeeeeeeeeeeeeeeeeeeeeeeeeeeeeeeeeeeeeeeeeeee caky
sidorenko@gmail.com Andrey Sidorenko
libin_pan@hotmail.com Libin Pan
sumanth1973 sumanth
sumanth1973@gmail.com sumanth
wine_mark@hotmail.com wally
12335254532 MAMAT
kaya_235@yahoo.com natasha
matt@mattweston.org matt weston
rima.chai@gmail.com rima chai
Zapa Zapatos
ZapatosRapido@gmail.com ZapatosGrande
bachtale@ewbi.com Eric W. Bachtal
hypernumbers.com@harkreader.com Alan Harkreader
heller35@gmail.com hellerpan
ery.lee@gmail.com erylee
prashant.ganti@gmail.com Prashant 
youngorchen@gmail.com youngorchen
vinnitu@gmail.com vinnitu
vinnitu@gmail.com vinnitu
vsmi@ukr.net Vladimir
sanji.fernando@nokia.com Sanji Fernando
mayjay@blueyonder.co.uk Mark Wilson
stubleu@gmail.com Michael Williams
11 11
521@122.211 21
milton@forthview.com Milton Case
nesbitt@apple.com Andrew Nesbitt
fd-lists@pobox.com Florian Dargel
fm@st-kilda.org Fearghas McKay
jve@villagecapital.co.uk Jeremy
kobal.aljaz@siol.net aljazkobal
jwthree@gmail.com James Worthington
dfgsdf@sfdsdf.com dsafsdgf
antonber@gmail.com Anton Bernstein
martynovs@gmail.com Sergey Martynov
contact@tallstreet.com Gary
abhik.rk@gmail.com Abhik
sohagan@gmail.com Sean
xvi vxic
jure@zemanta.com Jure Cuhalev
info@2upmedia.com Jorge
angela.m.pugh@gmail.com angela pugh
Khaled55hotmail.fr Khaled
ada@dara-abrams.com Alec Dara-Abrams
alexj@kth.se Alex Jonsson
alex@forrow.com Alex  Forrow
fredix@gmail.com Frédéric Logier
timk@glasshousepartnership.com Tim Kitchin
ian.downie@bridgeall.com Ian Downie
zion-ex@hotmail.com Heinux
john.murray@scotent.co.uk John Murray
e@lefant.net Fabian Linzberger
phimzi@gmail.com philip
stefano.bertolo@gmail.com stefano
peter@bangstrom.com Peter Marks
liyaqat_ali16@yahoo.com Shaikh liyaqatali
liyaqat_ali81@yahoo.com liyaqatali
camotito@gmail.com Javi
david@davethehat.com David Harvey
chennai123 prashant.ganti@gmail.com
abdel.a.saleh@gmail.com Abdel A Saleh
raj@chotelriskanalysis.com Raj  Balloo
m_encinar@hotmail.com Maria
yves@hightrack.co.uk yves dassas
bruce@codefluency.com Bruce Williams
ian@holsman.net Ian Holsman
event4real@yahoo.com Anton
vns.scherbina@gmail.com Vladimir
asnyder@noloh.com Asher Snyder
tamburri@agro.uba.ar Mariano
jazzyy@gmail.com Nii Amon Dsane
svinkels yannvr@gmail.com
yannvr@gmail.com Yann VR
mail@petermcm.dircon.co.uk Peter McMaster
info@brightonweb.com Richard Vahrman
lkgnwu@qllbjv.com wbgvskjdnm
x@lomax.org Keith Lomax
mic@beebole.com Michael Cvilic
jacobdean@gmail.com Jake Peterson
cdm.henderson@googlemail.com Craig Henderson
inky,harmonics@gmail.com Rick
inky,harmonics@gmail.com Rick
sctld@hotmail.com bryce
boy_fresh@live.fr rida
boy_fersh@live.fr rida
kofoufou2000@hotmail.com raouf
fiv.aatnr@yahoo.fr Fiv
fiv.aatnr@yahoo.com Fiv
njpedersen@gmail.com Nils-Johan Pedersen
zainabarah04@googlemail.com Zana
koalua@gmail.com koalua
kevin@dorren.com Kevin Dorren
fgriffe@free.fr fgg
simon.welland@accenture.com simon welland
gdiveglia@mac.com Gene Diveglia
range!bank letser@idegroup.com   
nicolinox@Gmail.com Nicolinox
llathieyre@gmail.com Laurent Lathieyre
rilee87@naver.com richard
rilee87@naver.com richard
sumanth1973@gmail.com Sumanth
ctfyxz@fyggqf.com pewszai
soto@coderev.org Damian Soto
jasckoster@gmail.com jo
jg@meer.net John Giannandrea
art@semadventures.com art
hang@pixinthecity.com Hang
clacla jesus nieto
jpnietols@gmail.com jesus nieto
mjones@mesaglobal.com Michael Jones
jasckoster@gmail.com joseph
aisling@strata3.com Aisling McMahon
rpruiz@gmail.com Rodolfo Ruiz
harryparkes@gmail.com Harry Parkes
navra@iinet.net.au Brandon
jakacki@gmail.com Grzegorz Jakacki
tinmanfme@gmail.com tinmanfme
vduarterib@noos.fr Vasco Duarte Ribeiro
poissonfranck@gmail.com Franck Poisson
dsplittgerber@gmail.com Daniel Splittgerber
arun@prodigyinformatics.com Arun Kumar
trinosauro@gmail.com Tiago
wievmk@nemcrh.com zvlryi
dsplittgerber@gmail.com Daniel Splittgerber
1234567 anoshtheking
eduardoraad@gmail.com Eduardo Raad
jan.stoklasa@gmail.com Jan Stoklasa
leiyu1@hotmail.com Lei Yu
vanni.torelli@gmail.com Vanni Torelli
aswin.net@gmail.com Aswin Anand
r.magnifico@gmail.com Roberto Magnifico
hegjon@gmail.com Jonny Heggheim
azrilr@ytuncs.com wlwidsx
kshah@riskcare.com kalpesh
pavel.suchmann@gmail.com Pavel Šuchmann
paul@dfjesprit.com Paul Murray
pavel.suchmann@gmail.com Pavel Šuchmann
kenneth.kalmer@gmail.com Kenneth Kalmer
hkanji@accel.com hussein kanji
harry@bimaris.com Harold F Beyne III
james.suma@gmail.com james
jonathan@hiidef.com Jonathan Marcus
mr@fudgie.org Erlend Simonsen
maciek@erlangconsulting.com maciek
maciek@erlang-consulting.com maciek
ianmshannon@gmail.com Ian Shannon
SBroomfield@Hotmail.com Steve Broomfield
mathie@woss.name Graeme Mathieson
Richard.Silverstein@thomson.com Richard Silverstein
marco@perretta.ca Marco Perretta
Richard.Silverstein@thomsonreuters.com Richard Silverstein
jason.lane@thomson.com Jason Lane
palazani@gmx.net Mueller
adinel.chirita@gmail.com Adinel Chirita
hjalli@hjalli.com Hjalmar Gislason
oofsij@cipcwk.com wtyoag
lisa.u@comcast.net LU
llathieyre@gmail.com Laurent Lathieyre
henrikk2000@gmail.com henrik kjær
denis@2ni.net Denis Laprise
hvubby@aqhfpm.com wrygqebxcc
leom@naturalpower.com Leo McLeman
hakim.cassimally@gmail.com osfameron
leafyoung@yahoo.com Yang Ye
owenod@btinternet.com Owen O'Donnell
alex@alexbird.co.uk Alex Bird
paul@ifdnrg.com Paul Macdonald
webnetwork@free.fr Willy
peterbru@futureglue.com Peter Bruinsma
Emanuele.Spoti@RBS.com Emanuele
Fleur@fleurmail.com Fleur@fleurmail.com
thomas.drapier@gmail.com Thomas Drapier
